#{"t_start": 1665987903.7519228, "env_id": "DeepRMSA-v0"}
r,l,t,service_blocking_rate,episode_service_blocking_rate,bit_rate_blocking_rate,episode_bit_rate_blocking_rate
50,50,0.106274,0.0,0.0,0.0,0.0
48,50,0.232842,0.01,0.02,0.013460015835312747,0.029219663114472327
42,50,0.357735,0.03333333333333333,0.08,0.0463749868849019,0.11100746268656717
18,50,0.453534,0.105,0.32,0.1301402237277454,0.38254821372115083
22,50,0.552764,0.14,0.28,0.1657794200538611,0.30400244424075773
34,50,0.659939,0.14333333333333334,0.16,0.16934009091384084,0.18726355611601514
24,50,0.762237,0.16,0.26,0.19019149510024275,0.31863533955584167
42,50,0.882232,0.15,0.08,0.17943740095087163,0.09953239812959253
12,50,0.977234,0.17555555555555555,0.38,0.20701605488365513,0.4361421988150099
32,50,1.092156,0.176,0.18,0.21047576359095857,0.2435723951285521
32,50,1.198622,0.17636363636363636,0.18,0.20970080018555026,0.20227133210558626
26,50,1.309799,0.18166666666666667,0.24,0.2162965321446576,0.28745699092899596
28,50,1.418055,0.18461538461538463,0.22,0.21964707038930398,0.26175391797265757
36,50,1.52815,0.18142857142857144,0.14,0.21608739281153075,0.17025316455696202
26,50,1.633689,0.18533333333333332,0.24,0.22244203360987025,0.3105629348513599
22,50,1.729146,0.19125,0.28,0.22834567311519782,0.3141620284477427
30,50,1.844257,0.19176470588235295,0.2,0.22778078408688027,0.219300866447565
38,50,1.957446,0.18777777777777777,0.12,0.22255533021779383,0.13262684649967887
26,50,2.060221,0.19052631578947368,0.24,0.22606423078856108,0.2926992632283992
40,50,2.177253,0.186,0.1,0.22144744802114177,0.13320525136087097
30,50,2.287434,0.18666666666666668,0.2,0.22088055269377613,0.209717868338558
36,50,2.401038,0.18454545454545454,0.14,0.2194906414788202,0.18915343915343916
34,50,2.51226,0.18347826086956523,0.16,0.21787732655345374,0.18456476218965
28,50,2.616429,0.185,0.22,0.2191624550651969,0.25
30,50,2.725067,0.1856,0.2,0.21908686167702102,0.2171885409726849
28,50,2.837087,0.18692307692307691,0.22,0.22130544589657455,0.2760465848284545
32,50,2.952476,0.18666666666666668,0.18,0.22214986027565956,0.24601524601524602
36,50,3.063534,0.185,0.14,0.22034111003365467,0.1726506400249766
36,50,3.174927,0.18344827586206897,0.14,0.2181275010196995,0.15467625899280577
34,50,3.28833,0.18266666666666667,0.16,0.21758529624739106,0.20219092331768387
22,50,3.392433,0.18580645161290324,0.28,0.2206568890725057,0.31971153846153844
36,50,3.510501,0.184375,0.14,0.2193877040402726,0.1797353985156502
42,50,3.630517,0.1812121212121212,0.08,0.21588802283029673,0.1031592520954223
34,50,3.740865,0.18058823529411766,0.16,0.21558074987063086,0.20588235294117646
38,50,3.856909,0.17885714285714285,0.12,0.21237416912766405,0.10200777202072539
34,50,3.96946,0.17833333333333334,0.16,0.21162635306695177,0.18314763231197773
34,50,4.082551,0.17783783783783783,0.16,0.21170070855638135,0.21430802874101842
30,50,4.188413,0.17842105263157895,0.2,0.21291485258574955,0.25537715843683734
32,50,4.299684,0.17846153846153845,0.18,0.21251682147897724,0.19737263697532842
30,50,4.409784,0.179,0.2,0.21314699627432482,0.23707165109034267
38,50,4.525578,0.1775609756097561,0.12,0.2116161537381647,0.15063694267515923
32,50,4.632096,0.17761904761904762,0.18,0.21099231285461534,0.18350515463917524
34,50,4.748695,0.1772093023255814,0.16,0.21022541166661704,0.17883895131086142
36,50,4.86181,0.17636363636363636,0.14,0.21014055421844438,0.20657276995305165
36,50,4.976275,0.17555555555555555,0.14,0.20898782084115872,0.15685629727063466
40,50,5.093285,0.17391304347826086,0.1,0.20721673882477412,0.12685603615235636
38,50,5.210205,0.1727659574468085,0.12,0.20556961334633775,0.1253812267028126
40,50,5.329268,0.17125,0.1,0.20398988479910088,0.12303390422929046
40,50,5.441568,0.16979591836734695,0.1,0.2022230684384684,0.1090331686661962
40,50,5.55753,0.1684,0.1,0.20059270116161715,0.12411456729288574
32,50,5.663325,0.16862745098039217,0.18,0.20065234365161322,0.20350445742391637
38,50,5.772193,0.1676923076923077,0.12,0.19978108554360666,0.15198618307426598
26,50,5.874391,0.16905660377358492,0.24,0.20192797689825037,0.3128795142217961
26,50,5.978914,0.17037037037037037,0.24,0.2031441526139785,0.26536312849162014
40,50,6.096644,0.1690909090909091,0.1,0.20153964858134885,0.11225165562913907
28,50,6.198924,0.17,0.22,0.20219983139978323,0.23643528341921793
32,50,6.316319,0.17017543859649123,0.18,0.20276440546116642,0.23535253227408143
24,50,6.418093,0.17172413793103447,0.26,0.2041441251875765,0.28075117370892017
30,50,6.529374,0.17220338983050848,0.2,0.2048571973100275,0.2470511140235911
26,50,6.636707,0.17333333333333334,0.24,0.20572961281480212,0.2567696718700223
22,50,6.738028,0.17508196721311475,0.28,0.20766391262907904,0.3235011221545367
36,50,6.854302,0.17451612903225808,0.14,0.20733659749747416,0.18729851708575113
44,50,6.975236,0.1726984126984127,0.06,0.20516766894302313,0.07496111975116641
26,50,7.078688,0.17375,0.24,0.20599386352109353,0.26157010627356875
36,50,7.192087,0.17323076923076924,0.14,0.20561274437093952,0.1812640359319859
32,50,7.307864,0.17333333333333334,0.18,0.20525416384695155,0.1821939586645469
36,50,7.421481,0.17283582089552238,0.14,0.2047110829833343,0.1695556255909234
24,50,7.525034,0.17411764705882352,0.26,0.20562776692247425,0.2634603750756201
44,50,7.645515,0.17246376811594202,0.06,0.20399577432670785,0.08869623207735912
36,50,7.758122,0.172,0.14,0.20346083955874525,0.16573679028552674
44,50,7.87742,0.1704225352112676,0.06,0.20146336165938153,0.05985686402081978
46,50,8.004508,0.1686111111111111,0.04,0.19967371385151744,0.05490483162518302
38,50,8.122325,0.16794520547945205,0.12,0.1990740944864531,0.15544715447154472
26,50,8.224894,0.16891891891891891,0.24,0.19996086020570136,0.2640127388535032
32,50,8.335428,0.16906666666666667,0.18,0.20024474023185918,0.22233502538071065
38,50,8.451448,0.16842105263157894,0.12,0.19946586758425705,0.1456541085731237
42,50,8.566294,0.16727272727272727,0.08,0.19823889803662623,0.1019594818997011
18,50,8.658758,0.16923076923076924,0.32,0.20019367865826018,0.3382526564344746
40,50,8.775555,0.16835443037974684,0.1,0.19871547169197354,0.08587606165460837
36,50,8.885367,0.168,0.14,0.1986097558037274,0.19041614123581338
24,50,8.987415,0.16913580246913582,0.26,0.1993348889629665,0.2601954836535221
14,50,9.084706,0.17146341463414635,0.36,0.20206991954667117,0.4180507677843936
42,50,9.209082,0.17036144578313253,0.08,0.20100932308013825,0.11674968866749688
40,50,9.327159,0.16952380952380952,0.1,0.19994951735532132,0.11118314424635332
34,50,9.438021,0.16941176470588235,0.16,0.19948675114989664,0.16061676839061997
16,50,9.530647,0.1713953488372093,0.34,0.20168713948414477,0.3905287058060331
34,50,9.64049,0.17126436781609194,0.16,0.2016223720452817,0.1961465571699305
32,50,9.746306,0.17136363636363636,0.18,0.20169404892296458,0.20803396472893534
30,50,9.859065,0.17168539325842697,0.2,0.20201615522879354,0.22991777356103732
30,50,9.963876,0.172,0.2,0.20230114021747667,0.2281045751633987
36,50,10.093555,0.17164835164835165,0.14,0.2021688422137294,0.19078341013824884
42,50,10.229655,0.17065217391304346,0.08,0.2010791605443269,0.10280076384468491
34,50,10.352699,0.17053763440860215,0.16,0.20084203261150893,0.17997542997542998
18,50,10.45286,0.17212765957446807,0.32,0.20253142935228205,0.36876061120543296
24,50,10.556198,0.17305263157894737,0.26,0.20347511862346127,0.28508124076809455
40,50,10.672178,0.17229166666666668,0.1,0.2023570058607716,0.09801449732114718
28,50,10.773223,0.17278350515463917,0.22,0.20290161744673535,0.2542533081285444
26,50,10.875762,0.17346938775510204,0.24,0.20336543494190307,0.2466091245376079
24,50,10.980485,0.17434343434343436,0.26,0.2038597207241349,0.2537116463213461
28,50,11.087994,0.1748,0.22,0.20444226403478394,0.2617000955109838
24,50,11.188298,0.17564356435643563,0.26,0.20507938321321922,0.2662357648507233
36,50,11.301744,0.17529411764705882,0.14,0.20439389227613547,0.1376004947433519
38,50,11.419521,0.17475728155339806,0.12,0.2038132664055153,0.1375850949480473
38,50,11.535411,0.17423076923076924,0.12,0.20303686698510262,0.11828687967369136
46,50,11.659365,0.17295238095238094,0.04,0.20166005030270248,0.05933014354066986
28,50,11.761218,0.17339622641509433,0.22,0.20226265975987606,0.26243515410436374
34,50,11.871126,0.17327102803738317,0.16,0.20212730885539515,0.18799368088467613
36,50,11.983919,0.17296296296296296,0.14,0.2016033456995108,0.14352159468438538
40,50,12.105537,0.17229357798165137,0.1,0.20090704682975066,0.1256023128814648
30,50,12.21725,0.17254545454545456,0.2,0.20098925584162575,0.21
28,50,12.329066,0.17297297297297298,0.22,0.20135492351471204,0.239803741183686
24,50,12.439603,0.17375,0.26,0.20196224256292905,0.2628075253256151
36,50,12.551733,0.17345132743362832,0.14,0.20146649035487477,0.1397006414825374
30,50,12.657043,0.1736842105263158,0.2,0.20152158627478553,0.2076972010178117
30,50,12.764079,0.17391304347826086,0.2,0.20189180376298385,0.24225697638761115
24,50,12.868935,0.1746551724137931,0.26,0.2025520765678246,0.28120849933598935
38,50,12.988453,0.1741880341880342,0.12,0.20212427793184334,0.15220896485004837
26,50,13.093946,0.1747457627118644,0.24,0.2027580508831579,0.27941663904540937
30,50,13.19871,0.17495798319327732,0.2,0.20323065566792567,0.25668613587457734
30,50,13.306643,0.17516666666666666,0.2,0.2034578375692556,0.23027989821882952
36,50,13.419904,0.17487603305785124,0.14,0.20308889925175402,0.15821962313190382
20,50,13.520295,0.17590163934426228,0.3,0.20387614226546577,0.30779993004547046
32,50,13.631358,0.1759349593495935,0.18,0.20388911939001572,0.20556309362279512
18,50,13.728605,0.17709677419354838,0.32,0.20518383133390977,0.36759410801963993
20,50,13.826096,0.17808,0.3,0.20628185976314048,0.33403614457831327
28,50,13.93136,0.1784126984126984,0.22,0.20663136116207872,0.24724127646883387
32,50,14.043095,0.1784251968503937,0.18,0.20655388290793197,0.19649933949801848
20,50,14.1438,0.179375,0.3,0.20758172948024387,0.3383676092544987
32,50,14.25875,0.17937984496124032,0.18,0.20744354191063671,0.18971061093247588
30,50,14.368818,0.17953846153846154,0.2,0.20761132963838536,0.22983207112281856
36,50,14.48606,0.17923664122137403,0.14,0.20733878016712656,0.1727699530516432
40,50,14.604281,0.17863636363636365,0.1,0.20647838191067083,0.09710550887021475
34,50,14.71556,0.17849624060150376,0.16,0.20642322390866677,0.19909648273636657
36,50,14.834463,0.1782089552238806,0.14,0.2062047332266192,0.17783343769567939
36,50,14.950681,0.17792592592592593,0.14,0.20589974424309493,0.16561314791403287
34,50,15.061165,0.17779411764705882,0.16,0.20598254129528218,0.21723692704970948
38,50,15.177668,0.17737226277372262,0.12,0.20547303970902828,0.1347726529277069
20,50,15.276328,0.1782608695652174,0.3,0.20642466148084126,0.3356643356643357
36,50,15.392145,0.17798561151079137,0.14,0.20614323448331545,0.1668289516390782
38,50,15.511422,0.17757142857142857,0.12,0.2057639737901287,0.15589930239611768
34,50,15.635199,0.1774468085106383,0.16,0.20565028517391176,0.18976
30,50,15.747663,0.1776056338028169,0.2,0.20572445960857585,0.2157829839704069
32,50,15.868181,0.17762237762237762,0.18,0.20561580812356928,0.19103844989403573
14,50,15.971458,0.17888888888888888,0.36,0.20687722918464096,0.37952176578786023
30,50,16.089254,0.1790344827586207,0.2,0.20703648506927194,0.22935493923340605
38,50,16.214646,0.17863013698630137,0.12,0.20671085880742637,0.15693553830577117
34,50,16.33837,0.1785034013605442,0.16,0.20643491220959875,0.16513460275771505
36,50,16.453748,0.17824324324324325,0.14,0.2062105427242732,0.17139959432048682
42,50,16.571619,0.17758389261744967,0.08,0.20565008951318597,0.11462728551336146
36,50,16.681929,0.17733333333333334,0.14,0.20538183683501826,0.1656030631780472
34,50,16.794517,0.17721854304635762,0.16,0.2052607904128598,0.18873978996499416
38,50,16.912483,0.17684210526315788,0.12,0.20497664300048907,0.16146848602988953
40,50,17.029736,0.17633986928104575,0.1,0.20450671547092056,0.1343612334801762
38,50,17.146487,0.17597402597402598,0.12,0.2041648539449335,0.146821215314366
38,50,17.259347,0.17561290322580644,0.12,0.20362174369834796,0.12007684918347743
38,50,17.373085,0.17525641025641026,0.12,0.20325238330046022,0.14737171464330412
36,50,17.483157,0.17503184713375797,0.14,0.20307438576581027,0.17599249765551736
20,50,17.584222,0.1758227848101266,0.3,0.2037498834243637,0.30334035510081253
30,50,17.693548,0.1759748427672956,0.2,0.2041299836815279,0.2640664961636829
22,50,17.801219,0.176625,0.28,0.20462374523363924,0.2806201550387597
46,50,17.934553,0.17577639751552795,0.04,0.20371973092832116,0.054268696227663796
34,50,18.045579,0.175679012345679,0.16,0.2036830467510789,0.19753086419753085
38,50,18.161947,0.17533742331288343,0.12,0.2034680807973558,0.16683518705763398
48,50,18.285073,0.174390243902439,0.02,0.20252090323892658,0.031880977683315624
40,50,18.417843,0.17393939393939395,0.1,0.20212170451629957,0.13601036269430053
46,50,18.542642,0.17313253012048194,0.04,0.2012117698217133,0.04159563586771224
36,50,18.653251,0.17293413173652694,0.14,0.20097212025231306,0.15793127386324193
38,50,18.76763,0.17261904761904762,0.12,0.20065302410533978,0.14718196457326893
30,50,18.878424,0.1727810650887574,0.2,0.20069422950209542,0.2074004975124378
30,50,18.986446,0.17294117647058824,0.2,0.2009727593411509,0.24672489082969432
30,50,19.091001,0.17309941520467836,0.2,0.2008712805872604,0.1826205023761032
26,50,19.194271,0.17348837209302326,0.24,0.20129685954731205,0.27371446822101564
34,50,19.304528,0.17341040462427745,0.16,0.2010985097218667,0.16771356783919597
26,50,19.407509,0.17379310344827587,0.24,0.20157806926175487,0.2789583956899132
32,50,19.514154,0.17382857142857142,0.18,0.20148003402208503,0.1842870999030068
34,50,19.625302,0.17375,0.16,0.20140922317802237,0.18964992389649923
14,50,19.716425,0.17480225988700565,0.36,0.20275069682025387,0.4233073696824446
32,50,19.827243,0.1748314606741573,0.18,0.2028694725011887,0.22421086885779368
28,50,19.934071,0.17508379888268155,0.22,0.20319001262750647,0.2609542356377799
32,50,20.044257,0.1751111111111111,0.18,0.20343954875514053,0.2474715549936789
36,50,20.15961,0.1749171270718232,0.14,0.2032312518488209,0.16525974025974027
18,50,20.258387,0.1757142857142857,0.32,0.20385819112267123,0.32511133949982873
30,50,20.370817,0.17584699453551914,0.2,0.20404441072739474,0.23611532625189682
30,50,20.478691,0.17597826086956522,0.2,0.20429682121675297,0.2521594684385382
28,50,20.583219,0.17621621621621622,0.22,0.20444023040108716,0.23069559668155712
30,50,20.69167,0.17634408602150536,0.2,0.20479545109722624,0.2708803611738149
40,50,20.807843,0.17593582887700535,0.1,0.20442180311762154,0.13654870028186658
30,50,20.913595,0.17606382978723403,0.2,0.20461592514642224,0.2409367982034007
36,50,21.027556,0.17587301587301588,0.14,0.20451070920144634,0.18418451400329489
30,50,21.136405,0.176,0.2,0.20462002178299743,0.22720897615708274
40,50,21.254663,0.1756020942408377,0.1,0.2042753867891086,0.13660477453580902
38,50,21.374015,0.1753125,0.12,0.20399509263159302,0.1495266079007509
36,50,21.487485,0.17512953367875647,0.14,0.20381413767936438,0.17013996889580094
38,50,21.60359,0.17484536082474228,0.12,0.20363676069876366,0.1673469387755102
32,50,21.712378,0.17487179487179488,0.18,0.20379194503835893,0.23393316195372751
36,50,21.823666,0.17469387755102042,0.14,0.20344045523396243,0.1350832266325224
42,50,21.944132,0.17421319796954315,0.08,0.2028719669634203,0.09404388714733543
30,50,22.061698,0.17434343434343436,0.2,0.2031309004215484,0.2536554354736173
32,50,22.174721,0.1743718592964824,0.18,0.20315098298862735,0.2073007367716008
28,50,22.281706,0.1746,0.22,0.20333447285765416,0.24039087947882737
42,50,22.397992,0.17412935323383086,0.08,0.20279842015910204,0.09407552083333333
42,50,22.515133,0.17366336633663365,0.08,0.20223729858671002,0.08897485493230174
26,50,22.617049,0.17399014778325123,0.24,0.2026032770291643,0.2783810463968411
34,50,22.724214,0.17392156862745098,0.16,0.20249932708003104,0.18067087346396546
30,50,22.825567,0.17404878048780487,0.2,0.20274608792934065,0.2563226247436774
34,50,22.939076,0.17398058252427184,0.16,0.20262109345771082,0.17823295628248242
38,50,23.059412,0.17371980676328502,0.12,0.20231193252494797,0.14136447449293177
42,50,23.178472,0.17326923076923076,0.08,0.2018287722093316,0.09850746268656717
36,50,23.292955,0.17311004784688996,0.14,0.201717793296304,0.1783625730994152
26,50,23.394223,0.17342857142857143,0.24,0.20200582266558206,0.26130971211641885
26,50,23.498893,0.1737440758293839,0.24,0.20230152750188368,0.26765799256505574
34,50,23.608652,0.17367924528301887,0.16,0.20230159223265662,0.20231607629427792
30,50,23.715741,0.17380281690140845,0.2,0.20246815622907,0.23870755028025056
36,50,23.828407,0.1736448598130841,0.14,0.20240702353737597,0.19010021257212267
22,50,23.928685,0.17413953488372094,0.28,0.20288393592116685,0.3038779402415766
32,50,24.037425,0.17416666666666666,0.18,0.20285511241150253,0.1969278033794163
34,50,24.149027,0.17410138248847926,0.16,0.2027531159675401,0.18266978922716628
24,50,24.251873,0.1744954128440367,0.26,0.20320009420700516,0.29418849744052994
28,50,24.359254,0.17470319634703196,0.22,0.20344361779124387,0.2554194156456173
40,50,24.472513,0.17436363636363636,0.1,0.20303549678727453,0.11070599933708983
32,50,24.577539,0.17438914027149321,0.18,0.20293875157490143,0.1832987859046491
16,50,24.670442,0.17513513513513512,0.34,0.20369867250114887,0.3755745239658569
26,50,24.772228,0.17542600896860985,0.24,0.2038551443881037,0.237722865186112
36,50,24.883552,0.17526785714285714,0.14,0.2038265927422243,0.19682539682539682
28,50,24.99439,0.17546666666666666,0.22,0.2040016828174357,0.24225352112676057
36,50,25.115066,0.17530973451327433,0.14,0.2037546834159867,0.14863144493952896
26,50,25.220607,0.17559471365638765,0.24,0.2041041906958862,0.28288
26,50,25.327673,0.17587719298245613,0.24,0.2043979523327614,0.27378964941569284
26,50,25.442795,0.17615720524017467,0.24,0.20464371250352104,0.2609677419354839
36,50,25.571744,0.176,0.14,0.20454018865343654,0.17888155609586662
32,50,25.692245,0.17601731601731602,0.18,0.20461081081832372,0.22127099110964768
32,50,25.813448,0.1760344827586207,0.18,0.2046990964659905,0.22503201024327785
36,50,25.937891,0.17587982832618027,0.14,0.20458515133342983,0.17494600431965443
24,50,26.040972,0.17623931623931624,0.26,0.2049679295809639,0.29261363636363635
28,50,26.148129,0.17642553191489363,0.22,0.2051403280310349,0.24357405140758873
18,50,26.238016,0.17703389830508476,0.32,0.2059303790750775,0.3940774487471526
28,50,26.343461,0.17721518987341772,0.22,0.20613594695784027,0.25510534846029176
28,50,26.449833,0.17739495798319327,0.22,0.20636679153217535,0.26158833063209075
36,50,26.565681,0.17723849372384937,0.14,0.20615419342096247,0.15705827360548458
24,50,26.703657,0.17758333333333334,0.26,0.2065660911656739,0.31013513513513513
26,50,26.845575,0.17784232365145228,0.24,0.2069633139500797,0.2984890533456676
40,50,26.988393,0.1775206611570248,0.1,0.2065526800992187,0.11628588166373754
32,50,27.110145,0.17753086419753086,0.18,0.2066979310782258,0.2447066990628254
22,50,27.21573,0.17795081967213114,0.28,0.20731147312341533,0.3506172839506173
36,50,27.332257,0.17779591836734693,0.14,0.2071640312320624,0.17043592264831203
40,50,27.450426,0.17747967479674798,0.1,0.20686328015855815,0.126056338028169
38,50,27.566056,0.17724696356275305,0.12,0.20666041483219547,0.15379380741748894
32,50,27.672236,0.17725806451612902,0.18,0.2067355828451303,0.2247506234413965
26,50,27.77649,0.17751004016064256,0.24,0.2069709382962939,0.2670191672174488
34,50,27.887138,0.17744,0.16,0.2069071858941988,0.19126029132362254
26,50,27.992923,0.17768924302788844,0.24,0.20722236653363002,0.28255528255528256
42,50,28.114793,0.1773015873015873,0.08,0.206725394796047,0.07854785478547854
38,50,28.230117,0.17707509881422925,0.12,0.2065269000398632,0.15748031496062992
32,50,28.338921,0.17708661417322835,0.18,0.20644416164672605,0.18333333333333332
38,50,28.45575,0.1768627450980392,0.12,0.2061998803111909,0.14606041731547803
24,50,28.557432,0.1771875,0.26,0.20657160928252674,0.3009274064598657
40,50,28.675564,0.17688715953307393,0.1,0.2062122627295495,0.10818212940773708
26,50,28.779965,0.17713178294573642,0.24,0.20650572551168453,0.2795765877957659
20,50,28.874138,0.1776061776061776,0.3,0.20697916201422284,0.3319093000328623
20,50,28.971176,0.17807692307692308,0.3,0.20757606092288983,0.36148432501599487
18,50,29.084661,0.17862068965517242,0.32,0.20834256319377784,0.38937536485697605
20,50,29.186034,0.17908396946564886,0.3,0.2087781426552374,0.31873252562907733
34,50,29.299827,0.17901140684410646,0.16,0.2087087508651744,0.19205882352941175
30,50,29.408726,0.17909090909090908,0.2,0.20882651603135127,0.23998708010335917
44,50,29.525621,0.17864150943396226,0.06,0.20835635693858756,0.07707979626485569
32,50,29.633842,0.1786466165413534,0.18,0.20835315567683743,0.20745762711864407
40,50,29.747917,0.17835205992509362,0.1,0.20794901773986346,0.1019632678910703
36,50,29.86201,0.1782089552238806,0.14,0.20774894705625085,0.1560460055952751
28,50,29.968689,0.178364312267658,0.22,0.2080013466502076,0.27663734115347016
22,50,30.067779,0.17874074074074073,0.28,0.20844648241654326,0.3298599804623901
32,50,30.184279,0.17874538745387453,0.18,0.2083270628357185,0.17689417658108955
36,50,30.297855,0.17860294117647058,0.14,0.20811178609661013,0.15407495538370017
40,50,30.412791,0.1783150183150183,0.1,0.20787687747732914,0.14038657171922686
22,50,30.513987,0.17868613138686132,0.28,0.20822458821392367,0.30405186385737437
32,50,30.627626,0.1786909090909091,0.18,0.2082062947311141,0.203125
34,50,30.740413,0.1786231884057971,0.16,0.2081033150559957,0.17855946398659966
24,50,30.849207,0.17891696750902528,0.26,0.20840125493615175,0.2893738140417457
36,50,30.963892,0.1787769784172662,0.14,0.208305173057172,0.18128464297358982
48,50,31.091251,0.1782078853046595,0.02,0.20769148388567796,0.018518518518518517
42,50,31.211836,0.17785714285714285,0.08,0.2073094892788956,0.10243439772368006
28,50,31.320895,0.1780071174377224,0.22,0.20754188571147697,0.26950137656775774
40,50,31.441357,0.1777304964539007,0.1,0.20721930004326342,0.12702472293265132
30,50,31.551555,0.17780918727915193,0.2,0.20726289378690202,0.2205626953803404
36,50,31.669036,0.17767605633802816,0.14,0.20699246930052692,0.13160392280923758
42,50,31.790182,0.17733333333333334,0.08,0.20662220609480966,0.09739826551034023
42,50,31.910526,0.176993006993007,0.08,0.20627001918247612,0.10271703114645461
30,50,32.032865,0.1770731707317073,0.2,0.20646517516239055,0.26487394957983196
36,50,32.178363,0.17694444444444443,0.14,0.2062464445460731,0.14399490283529787
42,50,32.300294,0.1766089965397924,0.08,0.20585835364009888,0.0908790482485129
42,50,32.416313,0.1762758620689655,0.08,0.20551304026032877,0.10248756218905472
40,50,32.531784,0.17601374570446734,0.1,0.2052145606646511,0.11737854581023802
30,50,32.637647,0.1760958904109589,0.2,0.20535591482207285,0.24524774072919914
48,50,32.763959,0.1755631399317406,0.02,0.2048529022957927,0.03616236162361624
30,50,32.873001,0.17564625850340135,0.2,0.20498121574990488,0.2432167374959137
34,50,32.986533,0.17559322033898306,0.16,0.204865647668789,0.17080244924266838
34,50,33.100092,0.17554054054054055,0.16,0.20493426448239865,0.22676837725381416
32,50,33.209975,0.17555555555555555,0.18,0.20492616808976505,0.2026946107784431
30,50,33.322286,0.17563758389261744,0.2,0.20509560047972805,0.2529825634750688
36,50,33.434405,0.17551839464882943,0.14,0.2048566398011854,0.133888532991672
36,50,33.548912,0.1754,0.14,0.20471936589545844,0.1658551430310408
42,50,33.669891,0.1750830564784053,0.08,0.2043063794892821,0.07422402159244265
34,50,33.77307,0.17503311258278145,0.16,0.20428855710804397,0.1989828353464717
30,50,33.883219,0.17511551155115512,0.2,0.2044356476811442,0.24959163672002613
44,50,34.00458,0.17473684210526316,0.06,0.20409518562423398,0.09248956884561892
26,50,34.109375,0.17495081967213114,0.24,0.20432899794173412,0.27320872274143304
26,50,34.21558,0.17516339869281045,0.24,0.20459007095178325,0.28205128205128205
40,50,34.334177,0.1749185667752443,0.1,0.20430205470488155,0.11498371335504887
28,50,34.438621,0.17506493506493506,0.22,0.20439767282683094,0.23214828319659678
28,50,34.545486,0.175210355987055,0.22,0.204468617245306,0.22585718779490405
32,50,34.655544,0.1752258064516129,0.18,0.20456538368253138,0.23376215877000314
32,50,34.768248,0.1752411575562701,0.18,0.2046046983048536,0.21684414327202323
34,50,34.876063,0.1751923076923077,0.16,0.20456850962157375,0.19332048811817598
46,50,34.9989,0.17476038338658148,0.04,0.20407993535516158,0.04282800815771584
38,50,35.113656,0.1745859872611465,0.12,0.20384256454755317,0.13435527502254282
34,50,35.226436,0.17453968253968255,0.16,0.20375116567121235,0.17249825052484255
32,50,35.34462,0.17455696202531645,0.18,0.20376877241833802,0.209214263174503
32,50,35.458784,0.17457413249211357,0.18,0.20375188598127808,0.19809069212410502
28,50,35.566669,0.17471698113207548,0.22,0.2040406532342212,0.30488668555240794
30,50,35.675169,0.1747962382445141,0.2,0.20410811006976892,0.22679360761645698
36,50,35.789196,0.1746875,0.14,0.2040108161357445,0.16979794399149237
42,50,35.900833,0.174392523364486,0.08,0.20368097175890806,0.0989466964570699
42,50,36.017675,0.17409937888198757,0.08,0.20333383285878415,0.08812770202859993
20,50,36.117358,0.1744891640866873,0.3,0.20373404188572403,0.33038254821372115
28,50,36.223231,0.17462962962962963,0.22,0.20385950350863954,0.24430176565008024
34,50,36.336076,0.1745846153846154,0.16,0.2037314141845993,0.1636645962732919
28,50,36.444759,0.1747239263803681,0.22,0.20401563158242642,0.29544730977395733
22,50,36.544291,0.17504587155963303,0.28,0.2043068291137871,0.3017497523935292
28,50,36.647888,0.17518292682926828,0.22,0.20450268916050146,0.26639726453217283
32,50,36.766673,0.17519756838905776,0.18,0.20453925638617013,0.21620775969962452
36,50,36.88701,0.1750909090909091,0.14,0.20446951117280315,0.17946021731510692
46,50,37.006177,0.17468277945619334,0.04,0.20399601156878294,0.04689521345407503
30,50,37.116733,0.1747590361445783,0.2,0.2041535966644127,0.2534996956786366
34,50,37.230679,0.17471471471471473,0.16,0.2040283000828606,0.16376089663760895
30,50,37.343167,0.17479041916167665,0.2,0.2041164812296118,0.23079170318434122
30,50,37.454347,0.17486567164179104,0.2,0.20425076194351255,0.24818897637795276
26,50,37.577343,0.1750595238095238,0.24,0.20441595646046049,0.2609123728257302
32,50,37.697008,0.17507418397626112,0.18,0.2045108951769691,0.23608017817371937
32,50,37.806924,0.17508875739644972,0.18,0.20444183597662652,0.18043117744610282
28,50,37.912019,0.1752212389380531,0.22,0.2046783237476668,0.28552845528455284
42,50,38.037623,0.17494117647058824,0.08,0.20434899785812566,0.09352058729652091
26,50,38.15237,0.17513196480938417,0.24,0.2045695376725243,0.27666151468315303
40,50,38.2729,0.17491228070175438,0.1,0.20426160206689203,0.1050713634983298
38,50,38.385388,0.17475218658892128,0.12,0.20408161352602672,0.13953488372093023
28,50,38.492786,0.17488372093023255,0.22,0.20429541914766192,0.2729461330123382
24,50,38.59728,0.1751304347826087,0.26,0.2046236840609871,0.31545741324921134
36,50,38.729216,0.17502890173410404,0.14,0.20449878568078497,0.16339668914776212
32,50,38.847397,0.17504322766570604,0.18,0.20446844704472614,0.19409148665819567
34,50,38.965318,0.175,0.16,0.20434879343277354,0.16535908267954133
36,50,39.08898,0.17489971346704872,0.14,0.20421514705692806,0.15565246561556526
40,50,39.207673,0.17468571428571428,0.1,0.20401015391536262,0.131174353941773
22,50,39.315443,0.174985754985755,0.28,0.20432515643433144,0.305359246171967
24,50,39.428119,0.17522727272727273,0.26,0.2046641275091522,0.32779255319148937
34,50,39.547234,0.17518413597733712,0.16,0.2046449999499481,0.19813664596273292
28,50,39.667796,0.17531073446327683,0.22,0.20474193870420285,0.24011956160743939
30,50,39.785718,0.17538028169014083,0.2,0.20484510927606642,0.24226464779460172
22,50,39.886366,0.1756741573033708,0.28,0.20521758595261155,0.34244748249416473
34,50,40.003894,0.17563025210084032,0.16,0.20520957458680883,0.20243673851921273
32,50,40.129646,0.17564245810055865,0.18,0.20527937405707833,0.2301765650080257
24,50,40.238352,0.1758774373259053,0.26,0.20551612412398076,0.29209058089924517
28,50,40.353856,0.176,0.22,0.20571417858682814,0.2822552749913525
32,50,40.473643,0.17601108033240997,0.18,0.20578626429874927,0.23110693007212293
42,50,40.594564,0.17574585635359116,0.08,0.20550898990311464,0.10618622448979592
40,50,40.712895,0.17553719008264462,0.1,0.20528399503524375,0.12288686605981794
32,50,40.827052,0.17554945054945054,0.18,0.20530946106409934,0.21449090328758377
20,50,40.927561,0.17589041095890412,0.3,0.20570509891344446,0.3504521963824289
32,50,41.04372,0.17590163934426228,0.18,0.20570050481453248,0.2038664323374341
22,50,41.153003,0.17618528610354223,0.28,0.20606767018033648,0.3333333333333333
30,50,41.264325,0.17625,0.2,0.2061263772733307,0.22778675282714056
32,50,41.376963,0.17626016260162602,0.18,0.2061082000111489,0.19935064935064936
36,50,41.497217,0.17616216216216216,0.14,0.2060276409473769,0.1768234922639722
42,50,41.625031,0.17590296495956873,0.08,0.2057258098049815,0.09323405632890903
24,50,41.741822,0.1761290322580645,0.26,0.20596040907512322,0.2909604519774011
12,50,41.84347,0.17667560321715817,0.38,0.20660808817447407,0.450814332247557
34,50,41.962408,0.17663101604278075,0.16,0.20659178282253388,0.20105355575065847
24,50,42.064667,0.17685333333333333,0.26,0.20688952023880106,0.31729850270786875
36,50,42.180513,0.17675531914893616,0.14,0.2067946811601634,0.17009283819628648
42,50,42.30919,0.17649867374005304,0.08,0.20644597669800305,0.0752411575562701
34,50,42.434802,0.17645502645502645,0.16,0.206410697814786,0.19272727272727272
30,50,42.552803,0.17651715039577837,0.2,0.20651212639979513,0.2455795677799607
32,50,42.669869,0.1765263157894737,0.18,0.20654570177760376,0.21900566393958465
30,50,42.779053,0.17658792650918634,0.2,0.20662518162705798,0.23543838136112813
26,50,42.884613,0.17675392670157067,0.24,0.2068042569083917,0.27677100494233936
22,50,42.987609,0.17702349869451697,0.28,0.20709155591354544,0.3210947930574099
26,50,43.101065,0.1771875,0.24,0.20734606774483755,0.30567260940032415
34,50,43.222489,0.17714285714285713,0.16,0.2073696979006571,0.21701982228298017
42,50,43.34385,0.17689119170984455,0.08,0.20710317354579125,0.10334741631459214
38,50,43.469435,0.17674418604651163,0.12,0.20689852775929898,0.1290015847860539
24,50,43.590493,0.17695876288659793,0.26,0.20716213596576252,0.3124378109452736
36,50,43.730058,0.1768637532133676,0.14,0.20700753522401158,0.146515397082658
40,50,43.868304,0.17666666666666667,0.1,0.20677360090796024,0.11503564484769929
44,50,44.006636,0.1763682864450128,0.06,0.20642043833783136,0.07210031347962383
42,50,44.128472,0.17612244897959184,0.08,0.20611478903789207,0.08126259234385494
28,50,44.243569,0.17623409669211196,0.22,0.20628841820271315,0.2739769820971867
22,50,44.347167,0.176497461928934,0.28,0.20651046660111866,0.297
22,50,44.446425,0.1767594936708861,0.28,0.2067608623289784,0.30405833861762843
30,50,44.560671,0.17681818181818182,0.2,0.20682499928965453,0.232444733420026
22,50,44.670874,0.1770780856423174,0.28,0.20711650242536273,0.3166564978645516
30,50,44.786372,0.1771356783919598,0.2,0.20720895352415383,0.24459724950884087
28,50,44.892153,0.17724310776942356,0.22,0.2071723484421181,0.19163524168666438
12,50,44.984869,0.17775,0.38,0.20770785370185102,0.4031167303734196
28,50,45.088989,0.17785536159600998,0.22,0.20775067033799463,0.22516339869281046
28,50,45.195851,0.17796019900497512,0.22,0.20785905453696396,0.25178687459389215
26,50,45.303164,0.17811414392059555,0.24,0.20807833244377216,0.30450070323488043
30,50,45.410833,0.17816831683168316,0.2,0.20813510979819796,0.23072040622024753
30,50,45.523017,0.17822222222222223,0.2,0.20821345552930418,0.24061882817643188
36,50,45.63751,0.178128078817734,0.14,0.20811816885791223,0.16789544235924933
22,50,45.755134,0.1783783783783784,0.28,0.20836075143910496,0.30142813734427226
28,50,45.869654,0.17848039215686273,0.22,0.20852243717025018,0.27144174608054106
34,50,45.984361,0.17843520782396088,0.16,0.2085434265040051,0.2171116114506272
40,50,46.103464,0.17824390243902438,0.1,0.20824863018048143,0.09390243902439024
22,50,46.205035,0.17849148418491484,0.28,0.20853097619213348,0.3255360623781676
24,50,46.31212,0.1786893203883495,0.26,0.20873882216010903,0.28981086028065894
10,50,46.403286,0.17922518159806294,0.4,0.20930484096377291,0.434149364735048
40,50,46.522738,0.17903381642512078,0.1,0.20910361873385847,0.12560542460445592
30,50,46.63521,0.17908433734939758,0.2,0.2091378805643279,0.22340769479469771
36,50,46.748743,0.1789903846153846,0.14,0.20898837172474366,0.14886328246652134
24,50,46.863374,0.17918465227817745,0.26,0.20920258637298952,0.30003275466754015
28,50,46.97656,0.1792822966507177,0.22,0.20934947785075342,0.27254641909814326
36,50,47.101564,0.17918854415274463,0.14,0.20929841907086377,0.18815663801337154
42,50,47.217011,0.17895238095238095,0.08,0.20906107313579367,0.10975609756097561
32,50,47.323595,0.17895486935866983,0.18,0.20911445669541398,0.23179453836150846
28,50,47.42973,0.1790521327014218,0.22,0.2092405812377998,0.2630208333333333
32,50,47.53537,0.17905437352245862,0.18,0.20925303951367782,0.21468926553672316
38,50,47.651555,0.17891509433962263,0.12,0.20911529775987422,0.1518787496053047
38,50,47.769487,0.1787764705882353,0.12,0.20900250283828972,0.1582537517053206
30,50,47.881696,0.1788262910798122,0.2,0.20900513402320042,0.2099803756658256
28,50,47.986821,0.17892271662763465,0.22,0.20905908926064312,0.2300469483568075
40,50,48.109561,0.17873831775700935,0.1,0.20888425455694712,0.13176236309326253
34,50,48.231176,0.1786946386946387,0.16,0.20886726215081206,0.20200181983621474
42,50,48.440562,0.17846511627906977,0.08,0.20862789575217458,0.10355029585798817
42,50,48.598324,0.17823665893271462,0.08,0.20833532119939888,0.07977675640183848
26,50,48.731651,0.17837962962962964,0.24,0.2084872289274887,0.26977443609022556
36,50,48.875168,0.17829099307159355,0.14,0.20840363443722762,0.17064158548874706
36,50,49.023656,0.17820276497695853,0.14,0.20828639064116933,0.15834386852085966
18,50,49.137528,0.1785287356321839,0.32,0.2085570661909458,0.3392920986771541
36,50,49.284167,0.17844036697247706,0.14,0.20842727809442801,0.14990006662225183
34,50,49.452869,0.17839816933638444,0.16,0.2083771866921145,0.18500687757909215
42,50,49.601511,0.17817351598173517,0.08,0.20811405101656752,0.10048134777376655
34,50,49.731417,0.17813211845102506,0.16,0.2080914108363711,0.19836013875748976
32,50,49.848678,0.17813636363636365,0.18,0.20808562539255926,0.20551948051948052
